{"cameraMode":{"drawMode":0,"name":"Shaded","section":"Shading Mode"},"sceneLighting":true,"audioPlay":false,"sceneViewState":{"m_AlwaysRefresh":false,"showFog":true,"showSkybox":true,"showFlares":true,"showImageEffects":true,"showParticleSystems":true,"showVisualEffectGraphs":true,"m_FxEnabled":true},"in2DMode":false,"pivot":{"x":3.491969585418701,"y":2.4008121490478517,"z":10.131260871887207},"rotation":{"x":-0.010746737010776997,"y":0.9851549863815308,"z":-0.0672001987695694,"w":-0.1582716852426529},"size":8.217344284057618,"orthographic":true}