{"cameraMode":{"drawMode":0,"name":"Shaded","section":"Shading Mode"},"sceneLighting":true,"audioPlay":false,"sceneViewState":{"m_AlwaysRefresh":false,"showFog":true,"showSkybox":true,"showFlares":true,"showImageEffects":true,"showParticleSystems":true,"showVisualEffectGraphs":true,"m_FxEnabled":true},"in2DMode":false,"pivot":{"x":3.1364083290100099,"y":0.8513627052307129,"z":11.056998252868653},"rotation":{"x":-0.0019229529425501824,"y":0.9913088083267212,"z":0.014272737316787243,"w":0.13129575550556184},"size":1.2135311365127564,"orthographic":true}