{"cameraMode":{"drawMode":0,"name":"Shaded","section":"Shading Mode"},"sceneLighting":true,"audioPlay":false,"sceneViewState":{"m_AlwaysRefresh":false,"showFog":true,"showSkybox":true,"showFlares":true,"showImageEffects":true,"showParticleSystems":true,"showVisualEffectGraphs":true,"m_FxEnabled":true},"in2DMode":false,"pivot":{"x":43.08055114746094,"y":7.321290493011475,"z":17.529388427734376},"rotation":{"x":0.06673209369182587,"y":-0.6316233277320862,"z":0.05470728129148483,"w":0.7704576253890991},"size":32.342159271240237,"orthographic":true}