{"cameraMode":{"drawMode":0,"name":"Shaded","section":"Shading Mode"},"sceneLighting":true,"audioPlay":false,"sceneViewState":{"m_AlwaysRefresh":false,"showFog":true,"showSkybox":true,"showFlares":true,"showImageEffects":true,"showParticleSystems":true,"showVisualEffectGraphs":true,"m_FxEnabled":true},"in2DMode":false,"pivot":{"x":33.182945251464847,"y":16.61138916015625,"z":27.115432739257814},"rotation":{"x":0.1083289310336113,"y":-0.03250234201550484,"z":0.003543517319485545,"w":0.9935809373855591},"size":20.210311889648439,"orthographic":true}