{"cameraMode":{"drawMode":0,"name":"Shaded","section":"Shading Mode"},"sceneLighting":true,"audioPlay":false,"sceneViewState":{"m_AlwaysRefresh":false,"showFog":true,"showSkybox":true,"showFlares":true,"showImageEffects":true,"showParticleSystems":true,"showVisualEffectGraphs":true,"m_FxEnabled":true},"in2DMode":false,"pivot":{"x":-17.82172203063965,"y":1.7788903713226319,"z":-3.9646353721618654},"rotation":{"x":0.09938984364271164,"y":-0.7924069762229919,"z":0.13156180083751679,"w":0.5876408219337463},"size":1.8499925136566163,"orthographic":true}