{"cameraMode":{"drawMode":0,"name":"Shaded","section":"Shading Mode"},"sceneLighting":true,"audioPlay":false,"sceneViewState":{"m_AlwaysRefresh":false,"showFog":true,"showSkybox":true,"showFlares":true,"showImageEffects":true,"showParticleSystems":true,"showVisualEffectGraphs":true,"m_FxEnabled":true},"in2DMode":false,"pivot":{"x":23.273887634277345,"y":16.855039596557618,"z":5.335562705993652},"rotation":{"x":-0.0013963363599032164,"y":0.7470493912696838,"z":-0.0015682372031733394,"w":-0.6647748947143555},"size":22.132266998291017,"orthographic":true}